a,frequency
also,7610
city,6384
first,6309
one,6284
found,6032
commune,5926
france,5878
united,5194
region,5051
states,4769
used,4634
people,4376
department,4367
called,4267
made,4073
north,3988
two,3943
new,3926
football,3907
many,3858
part,3701
known,3461
world,3303
player,3078
time,3032
became,2965
name,2911
county,2838
state,2680
national,2648
american,2566
may,2562
south,2532
town,2337
west,2276
district,2253
team,2218
years,2146
located,2125
use,2074
year,2047
former,2014
area,1998
three,1963
later,1921
music,1892
would,1831
often,1827
named,1800
province,1765
second,1763
like,1759
river,1702
since,1689
series,1687
british,1653
east,1634
number,1598
london,1588
system,1581
family,1558
different,1554
english,1553
municipality,1550
well,1541
small,1538
band,1533
however,1525
played,1515
game,1505
capital,1503
group,1499
university,1499
war,1496
tropical,1442
started,1441
main,1436
hurricane,1433
around,1403
school,1402
season,1373
several,1361
work,1359
released,1351
said,1351
storm,1347
england,1337
famous,1328
northwest,1314
usually,1309
large,1300
century,1291
book,1283
make,1279
show,1268
population,1260
album,1242
early,1240
league,1238
important,1233
including,1227
best,1225
species,1220
born,1213
another,1199
german,1194
government,1187
plays,1184
near,1177
day,1169
island,1166
president,1165
four,1163
language,1154
given,1151
water,1142
major,1137
département,1131
john,1124
line,1124
built,1120
form,1107
country,1099
place,1094
began,1092
switzerland,1083
sometimes,1081
pakistan,1081
largest,1080
center,1079
southern,1078
high,1073
germany,1065
long,1058
based,1049
king,1044
september,1043
television,1038
canton,1029
old,1023
home,1017
written,1016
company,1014
common,1003
could,998
live,998
end,995
much,995
august,994
back,992
games,991
great,991
french,989
international,986
life,984
last,982
created,971
word,969
moved,968
still,967
even,966
station,943
died,940
york,936
means,934
pasdecalais,933
central,925
popular,919
include,904
match,903
member,894
film,893
party,889
song,885
movie,884
way,883
countries,883
using,882
kingdom,880
death,876
club,876
rock,872
times,871
october,870
members,867
pays,864
play,863
aisne,863
church,862
left,862
public,857
sea,857
loire,853
america,852
set,851
nordpasdecalais,851
northern,850
western,837
example,836
million,835
together,829
took,827
although,827
formed,819
along,819
single,818
son,817
championship,815
modern,815
children,815
term,812
become,808
third,807
came,804
published,804
history,803
wrote,801
person,799
general,798
order,797
went,793
picardie,791
power,791
australia,791
class,788
father,788
november,783
june,781
union,779
january,771
next,769
held,766
japanese,766
house,763
type,763
five,751
republic,749
july,748
southwest,747
europe,746
age,744
calvados,739
within,738
india,735
december,727
council,725
red,723
thought,718
land,715
get,714
period,711
similar,709
park,708
village,708
royal,706
professional,699
march,698
april,694
body,693
following,693
parts,692
title,687
top,687
every,683
eastern,681
works,680
black,680
college,678
see,677
good,675
today,674
railway,669
video,669
point,668
man,668
islands,666
days,665
current,662
though,662
template,658
hockey,655
bassenormandie,654
areas,649
living,646
version,646
late,641
lake,638
white,634
young,633
women,633
big,631
page,631
making,630
service,630
southwestern,628
head,627
without,627
coast,627
award,620
books,620
local,620
original,610
according,610
seen,608
changed,608
side,607
iowa,607
record,605
gironde,603
official,603
list,602
married,595
law,594
earth,593
energy,593
james,592
special,591
italian,591
founded,590
european,590
roman,589
greek,588
comes,588
worked,586
take,585
short,584
atlantiques,583
pyrénées,583
atlantic,581
produced,580
california,579
character,577
six,573
due,569
air,568
italy,567
event,564
singer,563
story,563
february,562
stadium,562
william,562
included,561
free,561
help,557
empire,557
considered,554
orchestra,552
canada,552
must,551
got,549
led,549
china,548
human,548
instead,547
political,547
japan,546
army,543
among,542
color,538
rail,538
mother,538
currently,537
away,537
africa,533
gave,533
division,533
computer,533
wikipedia,530
developed,528
less,526
belgian,525
god,524
george,523
wife,522
others,521
spanish,520
wrestling,518
players,516
role,516
includes,516
put,513
brazilian,511
men,510
hall,510
food,509
aquitaine,509
joined,507
information,506
actor,506
playing,506
units,505
mostly,504
road,504
come,503
taken,503
lost,502
either,502
served,501
scotland,500
plants,500
change,500
lived,499
types,499
almost,497
across,494
never,493
night,492
census,488
little,488
ancient,488
building,487
systems,486
florida,486
office,485
minister,480
uses,479
network,478
light,476
christian,476
control,475
open,475
middle,473
originally,473
seven,473
languages,471
miles,470
names,469
category,467
things,466
right,466
natural,464
received,463
makes,462
ice,462
charles,461
hit,460
green,458
ocean,458
caused,458
moon,456
key,453
science,452
various,451
lot,448
sold,448
program,447
total,447
metal,446
space,444
recorded,444
san,444
articles,443
run,443
money,443
numbers,441
final,440
seat,440
daughter,439
study,439
star,438
cities,436
groups,436
strong,435
valley,435
article,434
virginia,434
force,434
battle,433
close,433
plant,432
software,432
continued,432
blue,431
design,428
related,428
range,428
ireland,428
killed,427
meaning,426
awards,425
songs,425
mexico,425
leader,423
shows,423
services,422
result,422
words,421
better,421
outside,421
writer,420
episode,420
romania,420
animals,420
radio,419
opened,418
sent,417
military,417
asia,417
cup,417
working,415
especially,415
airport,415
appeared,413
art,413
director,412
data,412
find,412
novel,410
opera,410
added,409
russian,408
grand,407
queen,407
australian,406
start,405
generally,405
biggest,404
smaller,404
soon,404
organization,404
brother,404
records,402
career,402
theory,401
street,400
movement,400
commonly,398
field,398
highest,397
pacific,396
level,394
development,393
indian,392
act,392
site,391
port,390
shown,390
chinese,389
canadian,389
henry,388
able,387
love,387
low,386
wwe,385
paul,384
depression,384
electric,384
says,383
oklahoma,381
bank,381
gold,380
possible,378
champion,378
scottish,376
events,376
half,375
woman,375
always,374
size,374
surface,374
ground,374
community,373
association,372
give,372
britain,372
prime,371
least,370
move,369
multiple,369
summer,368
child,368
paris,367
texas,366
project,366
david,366
lines,366
kind,366
replaced,366
done,366
far,363
average,362
baseball,361
ten,361
windows,360
release,360
unit,359
mountains,359
performed,358
mountain,358
independent,358
win,357
certain,356
discovered,356
mainly,355
square,355
full,354
secretary,354
ring,353
standard,352
sports,352
catholic,351
research,351
style,351
ardèche,350
described,349
available,349
beginning,349
user,349
emperor,348
designed,348
allowed,347
parliament,347
present,347
actress,346
eight,346
established,346
rights,346
flag,346
source,345
chess,344
support,344
contains,344
sarthe,343
lower,343
fourth,342
students,342
lead,342
met,340
wales,340
society,340
say,340
court,340
manchester,339
prize,339
wanted,338
reached,338
genus,337
bay,336
takes,335
signed,334
starting,334
introduced,334
festival,334
oldest,333
real,332
damage,332
car,332
divided,332
process,332
hot,331
los,330
throughout,330
forms,329
cells,327
washington,327
quickly,327
production,327
robert,326
thomas,325
returned,325
longer,325
writing,325
elected,324
russia,324
followed,324
business,324
sun,324
idea,323
entertainment,323
characters,323
ever,322
rather,322
spain,322
tells,322
places,321
author,321
social,321
conductor,321
rule,321
richard,320
ended,320
referred,318
tree,318
studied,317
minor,317
create,317
material,317
police,317
soviet,317
teams,317
per,316
female,316
upper,316
distance,316
territory,316
academy,315
officially,315
points,314
raw,314
months,314
kentucky,314
position,314
announced,314
trains,314
pressure,314
case,313
awarded,313
friend,313
louis,313
alabama,312
mary,312
latin,312
berlin,311
border,311
harry,311
inside,311
dark,311
hard,311
robinson,310
peter,310
magazine,309
separate,309
features,307
larger,307
fire,307
studio,307
native,306
forces,305
wind,305
decided,305
tour,304
problems,304
bbc,304
cause,303
victoria,303
schools,303
scale,303
hours,302
told,302
buildings,301
goes,301
changes,301
placed,300
talk,300
michael,300
attack,300
federal,300
code,300
borough,299
cell,299
disney,299
traditional,298
angeles,298
chief,297
beach,297
enough,297
length,297
composer,296
successful,296
illinois,295
fish,295
blood,294
channel,294
model,294
users,294
date,294
base,294
operating,293
calendar,293
brought,293
bridge,292
heavy,292
helped,292
prince,290
culture,290
eventually,290
text,290
winter,289
need,289
saint,289
dynasty,289
dutch,287
mean,287
duke,287
friends,287
oil,286
carolina,286
sir,286
greater,285
chemical,285
whole,284
trees,284
districts,284
true,284
hill,284
punjab,283
saw,282
race,282
winds,282
thus,281
professor,281
letter,281
sister,281
rest,280
rules,280
governor,280
addition,280
administrative,280
super,280
health,279
asked,279
host,278
news,278
nuclear,278
higher,278
simple,277
bad,277
success,277
cross,277
civil,277
sound,276
simply,276
jupiter,276
train,275
lives,275
performance,275
going,274
nations,274
stars,272
might,271
southeast,271
stories,270
museum,270
believed,270
ôte,270
dazur,269
northeast,269
provencealpesc,269
stone,269
object,268
probably,267
older,267
planet,266
heart,266
leading,266
retired,266
cyclone,266
hand,265
vendée,265
whose,265
reported,264
leaves,264
armenian,263
private,263
politician,262
want,262
stage,262
golden,262
nearly,262
trade,262
lord,262
stations,261
stop,261
past,261
chicago,260
religious,259
particular,259
animal,259
call,257
moving,257
hercules,257
humans,257
brand,257
return,257
pages,257
amount,256
terms,255
institute,255
directly,255
musical,254
pop,254
films,253
earlier,253
parents,252
nine,252
front,252
becoming,252
security,251
metropolitan,250
artist,250
job,250
already,250
think,250
jesus,250
behind,250
election,249
tried,249
education,249
gulf,249
male,248
movies,247
something,247
nintendo,247
regular,247
mayenne,247
independence,247
disease,247
allow,246
manager,246
reason,246
northcentral,245
towns,245
nhl,245
honor,245
destroyed,245
pass,245
turned,245
branch,245
aargau,245
know,244
fame,244
challenge,244
greatest,244
symbol,244
van,244
upon,244
brazil,244
mass,243
write,243
arts,242
appears,242
owned,242
edition,242
leave,241
refers,241
internet,241
track,240
spoken,240
formula,240
gives,240
physical,240
lies,239
regions,239
library,239
directed,238
cases,238
look,238
guitar,238
mark,238
nature,238
martin,237
wide,237
board,236
african,236
albums,236
cathedral,236
castle,236
recent,235
universe,235
collection,234
industry,234
peace,233
media,233
iii,233
running,233
doctor,233
normal,233
dead,233
passed,233
construction,232
ball,232
monroe,232
towards,232
paper,232
individual,232
finished,231
room,231
finally,231
runs,231
keep,231
value,231
active,230
piano,230
aube,230
widely,230
remained,230
kinds,230
normally,229
future,229
gas,229
medical,229
counties,229
fifth,229
status,228
asteroid,228
section,228
appear,228
table,228
winning,227
stand,227
remains,227
temperature,227
labor,226
round,226
needed,225
structure,225
link,225
tournament,225
studies,225
brothers,225
boy,225
transport,225
cold,225
von,224
tom,224
content,224
georgia,224
piece,223
week,223
triple,222
technology,222
label,222
competition,222
taking,222
underground,222
degree,221
diameter,221
weather,221
spent,220
wood,220
image,220
ticino,220
racing,219
companies,219
listed,219
brown,218
kept,218
grew,218
literature,218
read,217
allows,217
conference,217
showed,217
provide,217
actually,216
despite,216
netherlands,216
nobel,216
fiction,216
landfall,216
recently,216
peninsula,216
produce,216
zealand,215
block,215
particularly,215
heat,215
symphony,214
edward,214
producer,214
entire,214
vote,214
cape,214
nearby,214
except,214
meant,214
linux,214
microsoft,214
weeks,213
guitarist,213
camp,213
practice,212
income,212
believe,211
irish,211
olympic,211
web,210
pokémon,210
jewish,210
rivers,209
speed,209
usa,209
lady,209
associated,209
defense,209
fox,209
master,208
fight,208
forest,208
digital,208
effect,208
borders,208
committee,208
poland,207
religion,207
cancer,207
location,206
birth,206
worldwide,206
solar,206
comedy,206
pope,206
market,206
someone,205
whether,205
mayor,205
limited,205
treaty,205
therefore,205
poet,205
problem,204
hold,204
wellknown,204
influence,204
mario,204
concert,203
edge,203
contain,203
kashmir,203
yellow,203
ruled,203
ship,203
typically,203
view,203
joseph,203
pictures,203
musician,203
foreign,203
defeated,202
post,202
face,202
strength,202
zone,201
mount,201
era,200
mythology,199
olympics,199
egypt,199
bands,199
split,199
alexander,199
colors,199
involved,198
refer,198
shape,198
examples,198
responsible,198
products,198
muslim,198
letters,198
feet,197
holy,197
swedish,197
fictional,197
approximately,197
action,197
matter,196
nation,196
rise,196
fall,196
ways,196
saturn,196
basic,195
previous,195
describe,195
figure,195
fans,194
increase,194
subtropical,194
route,194
bible,193
fact,193
programs,193
supported,193
revolution,193
feature,193
closed,193
climate,193
scientific,193
economic,193
historical,192
punk,192
orbit,192
families,192
seasons,192
trophy,192
tribes,191
appearance,191
democratic,191
personal,191
rome,191
giving,191
foundation,191
houses,190
tehsil,190
primary,190
stated,190
access,190
copies,190
tribe,190
composed,190
license,190
deep,189
jazz,189
images,189
consists,189
captain,188
situated,188
appointed,188
artists,188
younger,188
grow,188
objects,188
chosen,188
report,188
complex,187
wall,187
classical,187
engine,187
ideas,187
defined,187
wild,187
subject,186
legal,186
cover,186
entered,186
pieces,186
device,186
birds,186
complete,186
girl,186
elements,185
provided,185
singles,185
conducted,185
chart,185
turn,185
unlike,185
method,185
episodes,185
lee,185
parameter,185
becomes,185
mph,185
majority,184
estimated,184
elizabeth,184
combined,184
fruit,184
eat,184
swiss,184
chris,184
newspaper,184
links,183
grown,183
speak,183
recognized,183
alternative,183
medal,183
stopped,183
voice,183
cut,182
covered,182
interest,182
sexual,182
sign,182
urban,182
exist,182
test,181
sources,181
santa,181
bit,181
chocolate,181
powerful,181
scott,181
secret,181
diesel,181
training,181
ago,180
executive,180
renamed,180
distribution,180
engineering,180
function,180
direct,180
frontier,179
wwf,179
notable,179
travel,179
teacher,179
evidence,179
forced,179
fields,179
medicine,179
commercial,178
box,178
attacks,178
animated,178
build,178
specific,178
rain,178
bill,178
aircraft,177
bass,177
highway,177
moscow,177
administration,177
coach,176
dry,176
rural,176
laws,176
conditions,176
removed,176
machine,176
website,176
versions,175
caribbean,175
austria,175
provinces,175
matches,175
ran,175
alphabet,175
theater,175
annual,175
arthur,175
product,175
iran,175
kill,175
marriage,175
palace,175
adopted,175
adult,174
element,174
opening,174
add,174
try,174
origin,174
idaho,174
leaving,174
alone,173
server,173
causing,173
previously,173
congress,173
iron,173
adams,172
earliest,172
difficult,172
hills,172
flows,172
happened,172
buried,172
wave,172
relationship,172
sport,171
acts,171
authority,171
kilometres,171
garden,171
husband,171
charge,171
boston,171
khan,171
opposite,171
eye,171
championships,170
armenia,170
dvd,170
likely,170
massachusetts,170
cultural,170
corporation,170
activities,169
featured,169
gets,169
physics,169
tower,169
ohio,169
islamic,169
yet,169
writers,169
continue,168
proposed,168
centuries,168
wrestlemania,168
moons,168
completed,167
editor,167
turkey,167
growing,167
commonwealth,167
computers,167
onto,167
churches,167
saying,167
bought,167
count,166
required,166
jersey,166
spread,166
philosophy,166
melbourne,166
belt,165
join,165
contract,165
plan,165
reach,165
korean,165
headquarters,164
connected,164
recording,164
basketball,164
circle,164
agency,164
maria,164
discovery,164
policy,164
card,164
staff,164
voted,163
organized,163
spring,163
korea,163
month,163
fighting,163
core,163
separated,163
agreement,163
memory,162
increased,162
regional,162
assembly,162
note,162
persian,162
temple,162
principal,161
orange,161
sex,161
equal,161
instruments,161
significant,161
flow,161
winner,160
eggs,160
mathematics,160
israel,160
accepted,160
bush,160
agreed,160
parameters,160
blues,160
growth,159
twelve,159
founder,159
stock,159
meet,159
mississippi,159
quite,159
sugar,159
acting,159
sixth,158
shot,158
debut,158
wrestler,158
student,158
organizations,158
arms,158
driver,158
apple,158
peak,158
bird,157
please,157
nazi,157
effects,157
double,157
completely,156
claimed,156
templates,156
campaign,156
gregorian,156
architecture,156
florence,156
taught,156
soldiers,156
locomotives,156
girls,156
flanders,156
message,156
tradition,156
provides,155
drive,155
princess,155
twice,155
tea,155
asteroids,155
roles,155
francisco,155
carried,155
environment,155
fort,155
navy,155
federation,155
applied,154
immunity,154
dog,154
tell,154
online,154
rate,154
wear,153
vienna,153
easily,153
kong,153
rose,153
shortly,153
household,152
giant,152
dance,152
constitution,152
michigan,152
bus,152
vice,152
stayed,152
really,152
sense,151
villages,151
billion,151
horse,151
fantasy,151
levels,151
begins,151
rugby,151
variety,151
parallel,150
ships,150
direction,150
officer,150
raised,150
industrial,150
causes,150
ability,150
sons,150
closely,150
hugo,150
format,149
activity,149
applications,149
purpose,149
string,149
jack,149
flight,149
ford,149
tracks,148
serve,148
shared,148
declared,148
vaucluse,148
slowly,148
let,148
property,148
fast,147
flat,147
angle,147
evolution,147
covers,147
falls,147
passenger,147
minutes,147
apart,147
yorkshire,147
der,147
waters,147
fought,147
mouth,146
perform,146
wisconsin,146
inhabitants,146
milk,146
hour,146
sweden,145
sydney,145
express,145
colony,145
southeastern,145
course,144
instrument,144
eyes,144
electrical,144
planned,144
fell,144
baby,144
needs,144
historic,144
salt,144
break,144
press,143
picture,143
andrew,143
store,143
toronto,143
electronic,143
fuel,143
wars,143
operated,143
premier,143
expected,143
parties,143
hands,143
looking,143
potential,142
highly,142
skin,142
fully,142
bigger,142
steel,142
hitler,142
flowers,142
prix,142
musicians,142
compared,142
reference,142
existed,141
organ,141
suggested,141
coming,141
presented,141
bangladesh,141
operation,141
mixed,141
territories,141
getting,141
storms,141
orthodox,140
muslims,140
polish,140
bodies,140
materials,140
printed,140
basis,140
tennis,140
poor,140
mcmahon,140
additional,140
austen,140
beat,140
locomotive,140
deal,140
height,140
mediterranean,139
scene,139
account,139
dna,139
stanley,139
universal,139
jackson,139
score,139
motion,138
attacked,138
silver,138
sides,138
noted,138
sales,138
jane,138
affairs,138
creek,138
useful,138
settlement,138
wants,138
memorial,138
carbon,138
morning,138
wing,138
trying,138
hundred,137
alaska,137
attended,137
results,137
goaltender,137
controlled,137
daily,137
orbits,137
scientists,137
ecw,136
inc,136
dam,136
serving,136
lakes,136
document,136
invented,136
measure,136
bavaria,136
gods,136
ones,136
hair,136
argentina,136
search,136
boys,136
prison,136
powers,136
philharmonic,136
metres,136
uncle,135
weakened,135
hospital,135
oxford,135
management,135
creation,135
smith,135
care,135
pool,135
neptune,135
deaths,135
via,135
stores,134
mentioned,134
austrian,134
albert,134
tag,134
behavior,134
goal,134
overall,134
etc,134
sindh,134
darwin,134
influenced,134
portuguese,134
interstate,134
councils,134
cars,134
bowl,133
puerto,133
cuba,133
unique,133
hong,133
issues,133
columbia,133
numerous,133
economy,133
johnson,132
captured,132
titles,132
pennsylvania,132
classes,132
longest,132
sequel,132
classified,132
secondary,132
concerts,132
follow,132
novels,132
heavyweight,132
difference,132
workers,131
desert,131
file,131
operations,131
learned,131
everything,131
capacity,131
impact,131
attempt,131
gained,131
wine,131
share,131
theme,131
joe,131
zeus,131
broadcast,130
nominated,130
troops,130
farm,130
railways,130
holds,130
singapore,130
tribal,130
electricity,130
thousands,130
austin,130
ontario,130
arizona,129
cost,129
imperial,129
jews,129
singing,129
knowledge,129
visit,129
hosted,129
czech,129
die,129
issue,129
cycle,128
exchange,128
geneva,128
lasted,128
alliance,128
address,128
michaels,128
guest,128
solo,128
owner,128
poetry,128
save,128
medieval,128
ages,128
max,128
learn,128
formal,128
weight,128
ordered,127
cast,127
protection,127
concept,127
greece,127
bottom,127
meets,127
looks,127
rocks,127
bishop,127
sunday,127
freedom,127
intended,127
paid,126
marked,126
generation,126
traffic,126
sets,126
meeting,126
creating,126
launched,126
gray,126
beautiful,126
percy,126
banks,125
primarily,125
frederick,125
tube,125
rich,125
containing,125
seventh,125
items,125
earned,125
orton,125
translated,125
indiana,125
convention,125
tries,125
anne,125
comic,125
continental,124
ône,124
junior,124
senior,124
lincoln,124
quality,124
immediately,124
loss,124
arkansas,124
signal,124
drink,124
glass,124
goals,124
produces,124
sites,123
tennessee,123
rare,123
colorado,123
homer,123
dominican,123
speech,123
ends,123
experience,123
pole,123
louisiana,123
slightly,123
egyptian,123
payperview,123
asian,123
starts,122
bear,122
violin,122
christians,122
reading,122
intelligence,122
issued,122
classic,122
acid,122
eaten,122
johann,122
mosque,122
sky,122
maximum,122
montreal,121
relatively,121
mammals,121
broke,121
painter,121
clear,121
actual,121
designation,121
cambridge,121
occurred,121
turkish,121
plans,121
coffee,121
protocol,121
failed,121
straight,121
taiwan,121
justice,121
cards,121
outer,121
remaining,121
chairman,120
pay,120
birmingham,120
communities,120
convection,120
stay,120
easy,120
christianity,120
nothing,120
notes,119
daniel,119
traditionally,119
contact,119
livingstone,119
voyager,119
virgin,118
temperatures,118
youth,118
belongs,118
warm,118
faith,118
liquid,118
arabic,118
occur,118
cena,118
solid,118
assistant,118
protect,118
mobile,117
islam,117
finds,117
evil,117
muhammad,117
maine,117
playstation,117
display,117
reports,117
del,117
kilometers,117
walter,117
sang,117
showing,117
inspired,117
evening,117
soil,116
thing,116
financial,116
merged,116
flooding,116
arena,116
williams,116
brian,116
forests,116
felt,116
dogs,116
lands,116
critics,116
internal,116
develop,116
affected,116
suceava,115
perhaps,115
northeastern,115
largely,115
represented,115
marine,115
claims,115
extreme,115
console,115
selected,115
snow,115
map,115
weak,114
holiday,114
frequently,114
chose,114
guinea,114
moves,114
composers,114
fresh,114
prior,114
walt,114
losing,114
contest,114
combination,114
republican,114
arab,114
figures,114
attention,114
hollywood,114
stands,114
finland,114
clubs,114
mind,114
linked,114
existence,114
flowering,114
traveled,113
insects,113
bermuda,113
inches,113
senate,113
lists,113
sciences,113
afghanistan,113
ceremony,113
dates,113
vince,113
possibly,113
folk,113
analysis,113
spirit,113
tamil,113
delta,113
anything,113
potter,113
protestant,113
philosopher,113
bell,113
crime,112
kings,112
values,112
codes,112
prey,112
kelly,112
billy,112
victory,112
jordan,112
frank,112
christmas,112
surrounding,112
hole,112
spot,112
reward,112
occupied,112
females,112
watch,112
drama,112
subdivision,112
studios,112
differences,112
tool,111
cloud,111
functions,111
taylor,111
dolj,111
drummer,111
munich,111
steve,111
mainland,111
depending,111
aired,111
volume,111
teaching,111
output,111
survivor,111
armed,111
seeds,111
extended,111
serves,111
universities,110
describes,110
iraq,110
songwriter,110
cipher,110
initially,110
hundreds,110
rainfall,110
champions,110
flying,110
noble,110
mechanical,110
hebrew,110
ranked,110
wings,110
miller,110
mathematical,110
graduated,110
remain,110
conservative,110
philippines,110
techniques,110
heard,110
vietnam,110
tim,110
gardens,109
teeth,109
replace,109
simpsons,109
fellow,109
soft,109
strongest,109
meters,109
moore,109
avoid,109
claim,109
biology,109
weapons,109
expansion,109
phoenix,109
kim,109
fishing,109
methods,108
command,108
devices,108
row,108
plane,108
platform,108
gene,108
degrees,108
chain,108
formation,108
fine,108
sweet,108
leaders,108
charts,108
crown,108
individuals,108
density,108
proper,108
serious,108
slide,108
distinct,108
magnetic,107
pair,107
speakers,107
specifically,107
soccer,107
arrived,107
respectively,107
starred,107
legend,107
bobby,107
bureau,107
happen,107
processes,107
uranus,107
necessary,107
positive,107
advanced,107
properties,107
mission,107
heritage,107
copy,107
foot,107
cemetery,107
editors,106
solothurn,106
males,106
brabant,106
atomic,106
otherwise,106
returns,106
changing,106
norwegian,106
starring,106
encyclopedia,106
unusual,106
governments,106
managed,106
sell,106
warning,106
officers,105
bouchesdurh,105
motor,105
napoleon,105
visited,105
styles,105
hero,105
batista,105
fixed,105
begin,105
renaissance,105
presidential,105
celebrated,105
radiation,105
importance,105
prevent,105
models,105
allowing,105
happens,105
socialist,105
permanent,105
identified,105
stream,105
domestic,105
mexican,105
belgium,105
goddess,105
plain,104
sure,104
conflict,104
grace,104
saxony,104
extremely,104
typical,104
politics,104
selling,104
couple,104
jura,104
script,104
resulting,104
literary,104
definition,104
ethnic,104
mac,104
question,104
instructions,104
samuel,104
karl,104
unknown,104
relative,103
economics,103
safety,103
calls,103
reality,103
officials,103
threat,103
graham,103
wrestlers,103
billboard,103
huge,103
meat,103
seconds,103
madison,103
escape,103
lack,103
global,103
wcw,103
longfellow,103
wagner,102
interested,102
reaching,102
extratropical,102
detroit,102
earl,102
thurgau,102
roughly,102
utah,102
glasgow,102
speaking,102
performing,102
mtv,102
cooking,102
standing,102
helps,102
drug,102
palm,102
des,102
norway,102
bros,102
ian,102
marie,102
lots,102
goods,102
shore,102
parish,102
disk,102
consider,102
les,102
josé,101
damaged,101
offer,101
youngest,101
westminster,101
carry,101
selection,101
trial,101
attached,101
municipalities,101
correct,101
jim,101
chapel,101
joint,101
chance,101
corner,101
purposes,101
offered,101
poems,101
saffron,101
communist,101
gone,101
existing,101
smallest,100
hotel,100
partner,100
journal,100
hemisphere,100
relations,100
chemistry,100
extension,100
walls,100
bring,100
historically,100
hurricanes,100
airlines,100
organic,100
statistical,100
wheel,100
standards,100
reviews,100
settled,100
moment,100
refused,100
everyone,100
killing,100
minnesota,100
enter,100
chancellor,100
sisters,100
genera,100
matt,100
occurs,100
prayer,99
keys,99
kansas,99
centre,99
argentine,99
northwestern,99
receive,99
homes,99
legs,99
glacier,99
wins,99
capture,99
coastal,99
connecticut,99
warner,99
boat,98
tall,98
reign,98
measured,98
context,98
pianist,98
layer,98
visible,98
missouri,98
branches,98
waves,98
audience,98
ottoman,98
thousand,98
hart,98
portugal,98
beyond,98
volcano,98
extra,98
floor,98
shear,98
organisms,98
strengthened,98
exists,98
simon,98
bob,98
projects,97
authors,97
smackdown,97
philip,97
poem,97
suburb,97
sarah,97
magic,97
confirmed,97
cyclones,97
hardy,97
revealed,97
denmark,97
murder,97
ukraine,97
clinton,96
technical,96
hope,96
reasons,96
painted,96
walk,96
authorities,96
liverpool,96
anna,96
opposition,96
expanded,96
supply,96
tools,96
resulted,96
canadiens,96
tip,96
actors,96
ben,96
fluid,96
translation,96
votes,96
bright,96
rico,96
races,95
pilot,95
classification,95
processor,95
roots,95
shell,95
vehicles,95
equipment,95
indonesia,95
guard,95
focus,95
closer,95
nba,95
hungary,95
bar,95
observatory,95
hawaii,95
application,95
fossil,95
xena,95
easier,95
derived,95
molecules,95
brain,95
thin,95
jeff,95
fashion,95
turns,94
angel,94
roads,94
draft,94
antonio,94
dragon,94
represent,94
median,94
storage,94
engines,94
comedian,94
defeat,94
franklin,94
exactly,94
genetic,94
soul,94
painting,94
suffered,94
determined,94
carl,94
bacteria,94
explorer,94
bach,94
alfred,94
wilson,94
choice,93
astronomer,93
parent,93
toward,93
wilhelm,93
supreme,93
knew,93
benjamin,93
slow,93
regarded,93
newly,93
faster,93
struck,93
elections,93
households,93
offices,93
belief,93
tail,93
joining,93
stephen,93
ross,93
background,93
percent,93
carter,93
designated,93
surrounded,93
usage,93
friday,92
lesser,92
chamber,92
sleep,92
senator,92
nonspherical,92
treatment,92
rolling,92
kennedy,92
logic,92
commission,92
scales,92
mosques,92
buffalo,92
friedrich,92
adventures,92
sounds,92
strip,92
looked,92
flavor,92
francis,92
grows,92
balls,92
connection,92
response,91
gabrielle,91
programming,91
trip,91
planets,91
representatives,91
producing,91
follows,91
sharp,91
bengal,91
rangers,91
liked,91
gate,91
entry,91
critical,91
inclination,91
ray,91
closest,90
ali,90
acted,90
screen,90
learning,90
colonies,90
jones,90
luke,90
choose,90
seems,90
leap,90
zoo,90
candidate,90
passing,90
thick,90
bart,90
constructed,90
distributed,90
circulation,90
flash,90
periods,90
favorite,89
fair,89
broken,89
blocked,89
presence,89
derby,89
springs,89
contained,89
interview,89
anyone,89
improve,89
protected,89
remove,89
decision,89
leeds,89
structures,89
childhood,88
fly,88
eating,88
condition,88
transportation,88
rocky,88
perfect,88
architect,88
roger,88
foods,88
journalist,88
ending,88
situation,88
divisions,88
twenty,88
algorithm,88
extinct,88
review,88
seal,88
emergency,88
introduction,88
priest,88
philadelphia,87
reduced,87
belong,87
juan,87
caught,87
entrance,87
clay,87
competed,87
campus,87
hydrogen,87
finding,87
actions,87
atmosphere,87
signature,87
talking,87
rice,87
amounts,87
else,87
zero,87
abbottabad,87
andor,87
testament,87
scored,87
titled,87
routes,87
instruction,87
ivan,87
assigned,87
patrick,86
invasion,86
supposed,86
setting,86
mathematician,86
tony,86
abbey,86
mouse,86
inner,86
cabinet,86
liberal,86
corps,86
tokyo,86
contemporary,86
persons,86
americans,86
edit,86
recordings,86
vehicle,86
illegal,86
risk,86
performances,86
theatre,86
asks,86
narrow,86
christ,86
feel,86
xbox,86
crossed,86
lyrics,85
usb,85
anime,85
dangerous,85
processing,85
price,85
lifetime,85
observed,85
cultures,85
seats,85
haiti,85
resources,85
identity,85
boundary,85
bahá,85
chile,85
cave,85
pink,85
uefa,85
celtic,85
eighth,85
passengers,85
gnu,85
drives,85
matthew,85
nickname,85
feud,85
characteristics,85
executed,85
davis,84
adding,84
concerto,84
latvia,84
path,84
jerry,84
obtained,84
gordon,84
saturday,84
worn,84
details,84
forward,84
sections,84
shorter,84
platinum,84
exile,84
documents,84
stronger,84
filled,84
tallest,84
converted,84
reserve,84
developing,84
shall,84
strings,83
negative,83
alice,83
gospel,83
latter,83
input,83
publication,83
catch,83
happy,83
entitled,83
portion,83
sand,83
send,83
tourist,83
categories,83
leonese,83
earthquake,83
cake,83
advance,83
ridge,83
instance,83
emmy,82
luxembourg,82
granted,82
kurt,82
housing,82
christopher,82
survived,82
weekly,82
factor,82
axis,82
satellite,82
default,82
approach,82
traveling,82
policies,82
rio,82
offers,82
scholars,82
peoples,82
laboratory,82
solution,82
conservation,82
junction,82
houston,82
consisting,82
grammy,82
drugs,82
opposed,82
rarely,82
crew,82
danish,82
mechanics,82
technique,82
guide,81
howard,81
advantage,81
eccentricity,81
particles,81
soap,81
disc,81
none,81
jammu,81
ash,81
worship,81
rank,81
globe,81
orleans,81
leads,81
cream,81
holding,81
colonial,81
google,81
computing,81
cotton,81
husserl,81
rescue,81
arranged,81
editing,81
fey,81
phrase,81
proved,81
harbor,81
fleet,81
dropped,81
composition,80
catherine,80
franchise,80
stored,80
telescope,80
magnitude,80
passes,80
factory,80
hunt,80
adults,80
talks,80
initial,80
peru,80
spaces,80
mining,80
crust,80
seattle,80
marry,80
shadow,80
arrested,80
dedicated,80
rings,80
jefferson,80
flower,80
hardware,80
severe,80
thailand,79
colored,79
angry,79
pittsburgh,79
bones,79
deer,79
lugano,79
prefecture,79
parks,79
milan,79
miss,79
basin,79
hits,79
attempts,79
romantic,79
edinburgh,79
facilities,79
pattern,79
views,79
confused,79
romanian,79
pepper,79
knight,79
sword,79
invited,79
ministry,78
oblast,78
petersburg,78
eleven,78
equivalent,78
volcanic,78
bruce,78
kane,78
feed,78
farther,78
ruler,78
mike,78
clothing,78
request,78
understand,78
commander,78
communication,78
resistance,78
residents,78
machines,78
requires,78
decades,78
movements,78
talent,78
visual,77
suggests,77
transfer,77
billiards,77
incorporated,77
window,77
whedon,77
waste,77
achieved,77
afterwards,77
gothic,77
citizens,77
cat,77
wii,77
gimnasia,77
cache,77
dating,77
butter,77
creates,77
drawn,77
adventure,77
rapidly,77
environmental,77
duchy,77
jon,77
somewhat,77
violence,77
installed,77
forming,77
ask,77
jimmy,77
flemish,77
client,77
agriculture,77
genocide,77
dream,77
medium,77
sequence,77
rumble,77
toyota,77
tape,77
beauty,77
estate,77
observations,76
texts,76
regularly,76
clothes,76
signals,76
bronze,76
broad,76
worst,76
quantum,76
balochistan,76
safe,76
lowest,76
stick,76
rapid,76
ballet,76
sacred,76
involves,76
são,76
prominent,76
firm,76
driving,76
throne,76
jean,76
syria,76
daughters,76
representative,76
judge,76
pocket,76
madrid,76
founding,76
streets,76
scheme,76
orders,76
automatically,76
millions,76
increasing,76
ecliptic,76
communications,76
guerrero,76
credited,75
aberdeen,75
paintings,75
eric,75
reduce,75
historian,75
inland,75
deputy,75
bringing,75
serial,75
fat,75
quebec,75
newspapers,75
beliefs,75
copper,75
hindu,75
boxing,75
root,75
diego,75
contributions,75
permission,75
sing,75
graduate,75
giovanni,75
represents,75
continues,75
producers,75
colombia,75
purple,75
undertaker,75
picked,75
virus,75
extensive,75
formerly,75
margaret,75
resort,75
carlos,75
cable,74
plastic,74
iranian,74
designs,74
surviving,74
subsequently,74
atoms,74
leadership,74
eisenstein,74
hidden,74
bat,74
target,74
lasker,74
sauce,74
pro,74
topic,74
seed,74
rats,74
ahead,74
grant,74
golf,74
principle,74
calvin,74
unable,74
nfl,74
writings,74
fossils,74
vision,74
institutions,74
circuit,74
monday,74
hans,74
academic,74
pradesh,74
sixteen,74
banned,74
mice,74
partly,73
thompson,73
romans,73
sporting,73
minerals,73
minute,73
analog,73
canal,73
amateur,73
wrong,73
arabian,73
atlanta,73
hampshire,73
turning,73
efforts,73
teach,73
eagle,73
comics,73
fourteen,73
respect,73
spiritual,73
successor,73
cattle,73
afternoon,73
horror,73
mixture,73
expensive,73
wooden,73
followers,73
require,73
telephone,73
effective,73
adam,73
autonomous,73
geometry,73
external,73
jacques,73
door,73
lie,73
restaurant,73
charlotte,73
dave,73
astronomy,72
temporary,72
net,72
serbia,72
planning,72
historians,72
promote,72
decade,72
hired,72
occasionally,72
leo,72
drop,72
animation,72
abolished,72
publishing,72
roll,72
popularity,72
messages,72
winners,72
yearly,72
neither,72
presidency,72
strait,72
statistics,72
soundgarden,72
enemies,72
sheep,72
failure,72
mix,72
buy,72
nazis,72
anthem,72
dollars,71
notably,71
shops,71
vancouver,71
diseases,71
teachers,71
cryptography,71
cheese,71
files,71
neck,71
breed,71
usual,71
entirely,71
task,71
operate,71
argued,71
symbols,71
rope,71
accident,71
homo,71
valuable,71
depends,71
electrons,71
explain,71
nevada,71
encryption,71
designer,71
tibetan,71
supporting,71
studying,71
mozart,71
bassist,71
headed,71
burned,70
plateau,70
shakespeare,70
productions,70
empty,70
grade,70
chair,70
balukas,70
maya,70
nile,70
saudi,70
enemy,70
appearances,70
tram,70
ranges,70
walking,70
sussex,70
currency,70
networks,70
steam,70
astronomers,70
limit,70
dialect,70
julian,70
brooklyn,70
hosts,70
subspecies,70
egg,70
fit,70
transferred,70
execution,70
praised,70
arctic,70
welsh,70
terry,70
pitch,70
declaration,70
mars,70
populations,70
nicknamed,70
displayed,70
silk,70
crossing,70
determine,70
eliminated,69
athletic,69
ralph,69
tunnel,69
compete,69
constituency,69
constant,69
hamilton,69
operas,69
platforms,69
foster,69
lightning,69
wish,69
trams,69
antwerp,69
treated,69
marks,69
shares,69
ann,69
heavily,69
capablanca,69
sovereign,69
departments,69
monster,69
revolutionary,69
circular,69
birthday,69
crowd,69
arm,69
collected,69
frequency,69
supporters,69
crystal,69
prussia,69
geographical,69
rotation,69
resigned,69
atom,69
compounds,68
anthony,68
favor,68
fun,68
reaction,68
raid,68
distinguished,68
abandoned,68
bits,68
tenth,68
novelist,68
alongside,68
jump,68
debate,68
sees,68
putting,68
stable,68
exact,68
malaysia,68
theology,68
thirteen,68
institution,68
saved,68
diet,68
reef,68
physicist,68
doctrine,68
draw,68
appropriate,68
concerns,68
cocoa,68
ernst,68
sierra,68
plot,68
explained,67
tops,67
storyline,67
rhinewestphalia,67
delivered,67
suggest,67
rival,67
creator,67
cook,67
tied,67
filmed,67
featuring,67
argument,67
bordered,67
connects,67
las,67
coal,67
questions,67
agent,67
indus,67
fifteen,67
notice,67
nuremberg,67
criticized,67
ciphers,67
adapted,67
tributary,67
statement,67
fairly,66
survive,66
lawyer,66
gain,66
smoking,66
spiders,66
exhibition,66
journey,66
pluto,66
compound,66
heads,66
involving,66
decides,66
rulers,66
psychology,66
finishing,66
powder,66
attorney,66
subdivided,66
harrison,66
testing,66
stages,66
skating,66
vertical,66
arabia,66
crimes,66
alps,66
minimum,66
tuscany,66
connect,66
anniversary,66
promoted,66
mrs,66
laid,66
vary,66
subjects,66
overseas,66
evolved,66
secure,66
seem,66
santos,66
operates,66
trust,66
habitat,66
jamaica,66
grameen,66
franz,65
lose,65
begun,65
jobs,65
venezuela,65
archipelago,65
alex,65
specified,65
municipal,65
database,65
controls,65
scientist,65
maryland,65
morgan,65
russell,65
intensity,65
estimates,65
missing,65
alive,65
finish,65
reaches,65
trained,65
funeral,65
blocks,65
desktop,65
ottawa,65
widespread,65
shane,65
agree,65
continent,65
plate,64
concentration,64
coordinates,64
threatened,64
midlands,64
broadcasting,64
aid,64
flood,64
approved,64
spots,64
practical,64
rising,64
writes,64
biological,64
lane,64
sale,64
email,64
newfoundland,64
dick,64
croatian,64
bone,64
scholar,64
pascal,64
liège,64
publisher,64
formally,64
telling,64
rating,64
legendary,64
domain,64
naval,64
hunting,64
returning,64
browser,64
león,64
demand,64
lion,64
cricket,64
embedded,64
talked,64
attempted,64
pakistani,63
farming,63
cartoon,63
worth,63
soldier,63
engineer,63
personality,63
increases,63
tolstoy,63
theories,63
koror,63
alcohol,63
canceled,63
mill,63
trek,63
mozilla,63
phase,63
allen,63
loop,63
antilles,63
affect,63
monarch,63
buffy,63
lisa,63
candidates,63
avenue,63
oregon,63
maker,63
legislature,63
drawing,63
titan,63
yearold,63
evolutionary,63
opinion,63
substance,63
experienced,63
mantle,63
accounts,63
penis,63
ready,63
frankfurt,63
conducting,63
mid,63
quarter,63
oliver,63
tables,63
identical,63
acids,63
ranging,63
molecular,63
endangered,63
monastery,63
thames,62
arguments,62
expressed,62
agricultural,62
piper,62
transit,62
hungarian,62
suite,62
airline,62
false,62
beans,62
stem,62
affair,62
slavery,62
substances,62
dancing,62
scheduled,62
riding,62
ferdinand,62
promotion,62
pain,62
predators,62
footballer,62
barry,62
optional,62
tourism,62
claudius,62
indicate,62
baptist,62
signs,62
creatures,62
commons,62
honey,62
bread,62
ill,62
modified,62
reputation,62
viola,62
sri,62
quit,62
cash,62
thirty,62
kent,62
statue,62
dormouse,62
sean,62
breaking,62
lieutenant,62
instant,62
helping,62
mental,62
roof,62
drew,62
eddie,62
vampire,62
tournaments,62
fur,62
sum,62
improved,62
ordinary,61
cello,61
package,61
faced,61
drums,61
remember,61
interior,61
vladimir,61
simpson,61
contrast,61
origins,61
cameron,61
heaven,61
athens,61
spacecraft,61
step,61
enjoyed,61
supplies,61
slovakia,61
nbc,61
lennon,61
hearing,61
strike,61
injury,61
singers,61
lancashire,61
fruits,61
sudan,61
cleveland,61
chakwal,61
astronomical,61
industries,61
infection,61
organism,61
sam,61
gay,61
influential,61
deals,61
croatia,61
stems,61
traditions,61
fan,61
attend,61
mode,61
playoffs,61
uniform,61
tourists,61
dried,61
readers,61
cult,61
factors,60
understanding,60
specialized,60
gauge,60
unless,60
relatives,60
bears,60
medals,60
artistic,60
rna,60
buddhism,60
experiments,60
measures,60
topics,60
tibet,60
controversy,60
heinrich,60
drivers,60
accused,60
plus,60
rat,60
bridges,60
sony,60
qin,60
motors,60
videos,60
outstanding,60
recognition,60
karachi,60
truth,60
tales,60
varieties,60
launch,60
quartet,60
fear,60
tobacco,60
enters,60
paulo,60
varies,60
macedonia,60
beer,60
oxygen,60
wiki,60
artificial,60
arrangement,60
whereas,60
governed,60
hindenburg,60
essential,60
hip,60
douglas,60
owners,60
rush,60
pierre,60
kevin,60
labels,60
typhoon,60
camera,60
visitors,60
amazon,60
staunton,60
benoit,60
sung,60
trading,60
covering,60
viii,59
stress,59
leipzig,59
hudson,59
description,59
parker,59
ukrainian,59
scenes,59
pearl,59
michelle,59
guy,59
ants,59
jonathan,59
parliamentary,59
archbishop,59
reactions,59
holloway,59
choir,59
countess,59
restaurants,59
keeping,59
sultan,59
manner,59
victor,59
township,59
dancer,59
burning,59
stephenie,59
bahamas,59
residence,59
injured,59
measuring,59
reform,59
organist,59
lawrence,59
tramway,59
lying,59
turbine,59
centers,59
iso,59
norfolk,59
ürttemberg,59
crops,59
loved,59
occupation,59
badenw,59
raise,59
hardcore,59
liver,59
hainaut,59
disaster,59
administrator,59
domingo,59
competitions,59
cloth,59
han,59
rob,59
rowling,58
manitoba,58
nervous,58
maintain,58
stuart,58
dispute,58
numbered,58
kiss,58
leagues,58
ninth,58
exposed,58
citizen,58
coat,58
lens,58
buses,58
slaves,58
norse,58
pushed,58
arrives,58
stones,58
theoretical,58
heating,58
manhattan,58
mask,58
canon,58
thermal,58
column,58
clean,58
nelson,58
wells,58
maple,58
remote,58
referee,58
alpha,58
religions,58
finnish,58
sheffield,58
dish,58
allies,58
baba,58
originated,58
spectrum,58
controller,58
switch,58
subway,58
manufacturer,58
pride,58
tests,58
gallery,58
orbital,58
accept,58
positions,57
slave,57
civilization,57
wolf,57
anglican,57
dying,57
hera,57
clock,57
fibers,57
clouds,57
gun,57
spoke,57
trouble,57
ultraman,57
echidna,57
vézina,57
fitzgerald,57
genetics,57
johnny,57
suburban,57
societies,57
gradually,57
critic,57
shortened,57
strongly,57
kills,57
recommended,57
shaped,57
accompanied,57
twin,57
reformed,57
grammar,57
mile,57
appeal,57
pure,57
butterflies,57
horses,57
remembered,57
defend,57
representing,57
manufacturing,57
binary,57
shire,57
preserved,57
dated,57
lewis,57
organs,57
masters,57
harvard,57
lay,57
confederation,57
rebuilt,57
ticket,57
knows,57
illness,57
mongolia,57
patterns,57
seemed,56
criminal,56
whale,56
aspects,56
maintained,56
sizes,56
defended,56
conquered,56
panama,56
literally,56
tiger,56
polar,56
maps,56
vesta,56
plains,56
opponent,56
charges,56
session,56
antarctica,56
jan,56
representation,56
flora,56
appearing,56
replacement,56
protein,56
victims,56
settlers,56
caesar,56
destroy,56
criticism,56
pregnant,56
spelling,56
lime,56
confidence,56
random,56
devil,56
decide,56
cabin,56
sculpture,56
gases,56
educational,56
markets,56
orbiting,56
woods,56
suitable,56
logo,56
gang,56
knights,56
channels,56
notation,56
describing,56
westward,56
latitude,56
ladder,55
snake,55
upgraded,55
hannibal,55
progressive,55
teachings,55
caucasus,55
strange,55
stallone,55
situations,55
concerned,55
guilty,55
hence,55
lebanon,55
railroad,55
calling,55
barcelona,55
neutral,55
alan,55
sentenced,55
passage,55
resurrection,55
gary,55
baltic,55
ussr,55
contributed,55
consisted,55
shah,55
amongst,55
ancestor,55
educated,55
suicide,55
carries,55
apply,55
bernard,55
succeeded,55
interface,55
retrograde,55
mids,55
graphics,55
friendship,55
displays,55
immigrants,55
internationally,55
viewed,55
annually,55
rod,55
reliable,55
taste,55
killer,55
greatly,55
resolution,55
bases,55
punishment,55
gilbert,55
nicholas,55
controversial,55
beating,55
batman,55
israeli,55
lanka,55
kirby,55
directors,55
conquest,55
oceans,55
honorary,55
baron,55
voices,55
principles,55
ubuntu,55
badly,55
measurement,55
bambi,55
bestknown,55
phd,55
minority,55
diabetes,54
bees,54
subfamily,54
wednesday,54
conduct,54
revenge,54
generated,54
ronald,54
costs,54
crash,54
sperm,54
luis,54
drinking,54
galaxy,54
mineral,54
interests,54
vegas,54
primitive,54
larvae,54
mali,54
experiment,54
coalition,54
transmission,54
distances,54
curse,54
progress,54
trail,54
audio,54
meanwhile,54
sick,54
thinking,54
stripes,54
dakota,54
answer,54
venice,54
pairs,54
smash,54
calculated,54
expert,54
limits,54
metro,54
membership,54
expression,54
santo,54
moderate,54
breast,54
eve,54
shop,54
doubles,54
buddhist,54
warrior,54
extent,54
successfully,54
radius,54
vii,54
baden,54
touch,54
teen,54
bats,54
yankees,54
antarctic,53
ibn,53
blackpool,53
hop,53
dwarf,53
venus,53
anton,53
cardinal,53
effort,53
boroughs,53
valleys,53
proteins,53
inventor,53
marshall,53
releases,53
cats,53
leonardo,53
sort,53
destruction,53
skills,53
locations,53
identify,53
customers,53
employees,53
joins,53
powered,53
coins,53
activist,53
practices,53
anderson,53
bond,53
vector,53
silva,53
signing,53
committed,53
abc,53
awardwinning,53
shawn,53
tie,53
indicates,53
provincial,53
rhythm,53
proof,53
dublin,53
charity,53
columbus,53
documentary,53
gravity,53
chapter,53
boundaries,53
travelcard,53
subsequent,53
hyderabad,53
bed,53
mines,53
quarterback,53
suffolk,53
arrive,53
supports,53
giants,53
elder,53
jerusalem,53
basil,53
rachel,53
limburg,53
similarly,53
manga,52
shield,52
carlo,52
oceanic,52
expedition,52
weekend,52
boats,52
kids,52
significantly,52
shoot,52
roosevelt,52
turner,52
spinoff,52
pick,52
gates,52
blind,52
jet,52
pan,52
malta,52
vitamin,52
requests,52
absolute,52
dodd,52
catholics,52
drinks,52
descendants,52
communes,52
trinity,52
oak,52
sentence,52
triangle,52
abu,52
ports,52
richmond,52
temperate,52
mysterio,52
flies,52
travels,52
abortion,52
queensland,52
algae,52
seeing,52
warsaw,52
dollar,52
norman,52
ana,52
valais,52
documentation,52
poverty,52
belonging,52
toy,52
prepared,52
horizontal,52
elevator,52
hide,52
tax,52
cousin,52
optical,52
providing,52
offspring,52
wearing,52
flights,52
owns,52
tissue,52
collections,52
paint,52
esperanto,52
sample,52
companion,52
braille,52
relationships,51
spin,51
agencies,51
mercury,51
victorian,51
delaware,51
registered,51
genre,51
copyright,51
dodgers,51
greeks,51
landed,51
chase,51
twentieth,51
tend,51
warnings,51
electron,51
armies,51
volcanoes,51
toured,51
duck,51
holland,51
milton,51
advice,51
unified,51
meetings,51
radioactive,51
infrastructure,51
wet,51
fired,51
dioxide,51
index,51
barbara,51
hesse,51
pioneer,51
feathers,51
mtr,51
businessman,51
soundtrack,51
ratings,51
peppers,51
nineteenth,51
cool,51
accurate,51
dawn,51
relief,51
dress,51
bald,51
brass,50
jay,50
locarno,50
descent,50
surgery,50
millennium,50
oral,50
nova,50
urdu,50
investigation,50
scores,50
stood,50
impossible,50
courts,50
luther,50
dies,50
gustav,50
trials,50
remainder,50
miami,50
reserved,50
symptoms,50
figaro,50
filming,50
otto,50
duties,50
rebellion,50
visiting,50
print,50
socalled,50
spiderman,50
keith,50
herbert,50
rubber,50
essex,50
ludwig,50
businesses,50
laps,50
bomb,50
lobsters,50
challenges,50
independently,50
spider,50
inch,50
characterized,50
mills,50
spiral,50
moths,50
facts,50
ruling,50
voldemort,50
baroque,50
purchased,50
dan,50
technologies,50
allied,50
commissioned,50
baker,50
steps,50
inducted,50
duo,50
receiving,50
ltd,50
falling,50
adds,50
northward,50
alpesmaritimes,50
serbian,50
tale,50
thinks,50
doctors,50
prophet,50
register,50
grounds,50
britannica,50
massive,50
muscle,50
rhône,49
jose,49
cao,49
characteristic,49
dean,49
celebration,49
cooked,49
danielle,49
suddenly,49
effectively,49
cologne,49
mail,49
tongue,49
nucleus,49
thrown,49
prizes,49
decline,49
responsibility,49
judaism,49
newton,49
saints,49
exclusive,49
tar,49
rejected,49
swimming,49
congo,49
roe,49
knowles,49
stewart,49
attacking,49
anglia,49
katrina,49
kernel,49
indeed,49
emirates,49
jackie,49
abuse,49
laura,49
somerset,49
carrying,49
midland,49
wire,49
attendance,49
corresponding,49
neighborhood,49
bce,49
veterans,49
establish,49
handle,49
disorder,49
voting,49
doors,49
cbs,49
beethoven,49
administered,49
debian,49
encouraged,49
grass,49
charlie,49
divine,49
edits,49
romance,49
barnes,49
rounds,49
generations,49
vocalist,49
patients,49
occasions,49
configuration,48
theaters,48
rough,48
phone,48
yunus,48
beatles,48
democracy,48
pitcher,48
tiny,48
dome,48
messaging,48
monte,48
reforms,48
settlements,48
persia,48
ernest,48
mud,48
commissioner,48
patent,48
gabriel,48
dos,48
gap,48
bulgaria,48
finals,48
besides,48
morocco,48
barrier,48
inn,48
vincent,48
challenged,48
magazines,48
leaf,48
rooms,48
probability,48
tate,48
nick,48
ken,48
habitats,48
feast,48
violent,48
synthesis,48
charter,48
idol,48
shrubs,48
prototype,48
naples,48
convicts,48
conductors,48
floyd,48
beijing,48
psychological,48
carson,48
grandfather,48
latest,48
indigenous,48
opponents,48
cycling,48
archive,48
snape,48
advertising,48
cardinals,48
bin,48
speaker,48
alexandria,48
amino,48
isle,48
chromosomes,48
phenomenon,48
iceland,48
mainstream,48
momentum,48
trilogy,48
runner,48
conservatory,47
administratively,47
dissipated,47
statesman,47
tasks,47
fischer,47
entering,47
trojan,47
specify,47
dubai,47
portland,47
cooperative,47
hat,47
nevertheless,47
newer,47
brief,47
colleges,47
namespace,47
java,47
spice,47
ulong,47
automobile,47
presenter,47
lavender,47
remnants,47
frequent,47
tyler,47
hear,47
yugoslavia,47
wildlife,47
liberation,47
width,47
burton,47
wider,47
elephant,47
adaptation,47
toys,47
donald,47
properly,47
distinguish,47
beef,47
lulu,47
patron,47
lessons,47
kazakhstan,47
bahrain,47
keynes,47
themes,47
stirling,47
ron,47
sole,47
guru,47
fifa,47
susanna,47
fide,47
bryan,47
versus,47
ratio,47
anarchist,47
horn,47
hyde,47
sheppard,47
traction,47
ferry,47
rises,47
hooker,47
offensive,47
digits,47
bern,47
nigeria,47
discussion,47
prove,47
indians,47
structural,47
variable,47
tours,46
achieve,46
arsenal,46
taluka,46
loves,46
voltage,46
kangaroo,46
elementary,46
rhine,46
participated,46
researchers,46
cornell,46
rainbow,46
pine,46
poets,46
bonds,46
wright,46
satan,46
recognize,46
poker,46
waterloo,46
dante,46
cameroon,46
wheat,46
communion,46
europeans,46
zürich,46
twist,46
separation,46
fewer,46
pointed,46
boeing,46
shade,46
simone,46
moral,46
sicily,46
stretched,46
zones,46
tech,46
dee,46
raymond,46
santiago,46
algorithms,46
beings,46
capable,46
regime,46
byzantine,46
boxes,46
breeding,46
protocols,46
craig,46
publicly,46
martial,46
survival,46
farms,46
tank,46
spend,46
constitutional,46
icrc,46
rhodes,46
hurt,46
charged,46
steven,46
celebrate,46
ryan,46
dominated,46
coverage,46
requirements,46
nebula,46
efficiency,46
concepts,46
belonged,46
quantity,46
employed,46
judgment,46
establishment,46
traded,46
tune,46
wallace,46
infinite,46
download,46
playoff,46
geographic,46
kyoto,45
tottenham,45
lemon,45
radical,45
component,45
wolfgang,45
sebastian,45
thuringia,45
nasa,45
watches,45
grandmaster,45
presidents,45
boris,45
ranking,45
ensure,45
apollo,45
collapse,45
minimal,45
wayne,45
spa,45
clark,45
predicted,45
forbes,45
booker,45
chili,45
replacing,45
watched,45
error,45
mature,45
flair,45
shoes,45
autobiography,45
rows,45
arrival,45
castile,45
olympiad,45
costa,45
abilities,45
thermodynamic,45
grouped,45
beyoncé,45
layers,45
arrest,45
spencer,45
assumed,45
experiences,45
fallen,45
experimental,45
essay,45
cairo,45
populated,45
skull,45
devon,45
breaks,45
presentday,45
oscar,45
mate,45
bosnia,45
disputed,45
check,45
plymouth,45
amsterdam,45
ultimate,45
divide,45
logical,45
poison,45
komodo,45
coastline,45
vegetables,45
sight,45
puts,45
grain,45
hell,45
sega,45
perry,45
nest,45
succession,45
flowing,45
thursday,45
moth,45
swan,45
hypothesis,45
fights,45
velocity,45
believes,45
subsidiary,45
reproduction,45
honors,45
abroad,45
julius,45
enforcement,45
depth,45
glands,45
components,45
lets,45
dense,44
wake,44
beneath,44
weapon,44
restricted,44
armstrong,44
abyss,44
chicken,44
commerce,44
altitude,44
southampton,44
frog,44
nashville,44
chitral,44
watching,44
phil,44
administrators,44
athletics,44
snakes,44
fastest,44
retirement,44
murray,44
tomb,44
interesting,44
monthly,44
shooting,44
trough,44
hitting,44
shift,44
leg,44
referring,44
columns,44
camps,44
robin,44
grey,44
todd,44
felix,44
schedule,44
slam,44
quick,44
hub,44
loud,44
focused,44
bluegrass,44
exclusively,44
defensive,44
corn,44
attract,44
blade,44
germans,44
organised,44
lithuania,44
ban,44
plata,44
jinnah,44
divorced,44
denied,44
apostles,44
grandson,44
jungle,44
climbing,44
electronics,44
defeating,44
garfield,44
ministers,44
squares,44
matters,44
galileo,44
giotto,44
perth,44
resident,44
ferrari,44
murdered,44
cantons,44
drafted,44
adolf,44
cpu,44
saddam,44
incident,44
danube,44
mikhail,44
tekken,44
ecuador,44
johannes,44
indie,44
herzegovina,44
chelsea,43
hughes,43
burial,43
luigi,43
broadway,43
bishops,43
stockholm,43
practiced,43
seas,43
postal,43
sharks,43
norwich,43
marble,43
mammal,43
physician,43
friendly,43
cornwall,43
comet,43
nixon,43
theorem,43
fled,43
elsewhere,43
cryptographic,43
liu,43
combat,43
tommy,43
equations,43
option,43
dictionary,43
exception,43
warriors,43
fill,43
obama,43
ned,43
excellent,43
absorbed,43
edwards,43
juice,43
tier,43
guns,43
waiting,43
wealthy,43
cooler,43
aged,43
gift,43
variation,43
geography,43
smooth,43
pen,43
linear,43
racial,43
mega,43
aarau,43
pulled,43
viewers,43
roberto,43
stating,43
trio,43
item,43
pale,43
pawn,43
josh,43
acres,43
custom,43
till,43
hull,43
maintenance,43
odessa,43
percentage,43
vale,43
metre,43
terrestrial,43
baja,43
helsinki,43
skater,43
passion,43
leslie,43
ownership,43
chest,43
publications,43
coral,43
slayer,43
azerbaijan,43
driven,43
compilation,43
brands,43
atmospheric,43
uniforms,42
aimed,42
elephants,42
holes,42
battles,42
illustrated,42
crater,42
realized,42
briefly,42
georg,42
neighbor,42
dishes,42
debuted,42
creative,42
alternate,42
partially,42
tuesday,42
translations,42
violinist,42
nose,42
budget,42
dialects,42
grande,42
influenza,42
unesco,42
finance,42
operators,42
integer,42
borat,42
monarchy,42
matrix,42
continents,42
partition,42
buddha,42
fighter,42
intercontinental,42
attraction,42
chemicals,42
dundee,42
rodent,42
ancestors,42
damages,42
deck,42
inca,42
dissolved,42
pin,42
fundamental,42
competing,42
consist,42
mirror,42
armenians,42
efficient,42
acoustic,42
joan,42
beta,42
convicted,42
peach,42
credit,42
impressed,42
botvinnik,42
gloves,42
increasingly,42
lucas,42
eleventh,42
centres,42
engaged,42
thread,42
fund,42
katie,42
entity,42
harvey,42
lights,42
squad,42
intercourse,42
monument,42
widow,42
slavic,42
hbo,42
prepare,42
lahore,42
collapsed,42
explains,42
sought,42
jason,42
butterfly,42
jericho,42
pack,42
kenya,42
verse,42
kilmarnock,42
nadu,42
bark,42
niger,42
pretty,42
fletcher,42
acquired,42
syrian,42
silent,42
manila,42
discoveries,42
ipcc,41
croydon,41
terminal,41
huxley,41
fred,41
africanamerican,41
sandy,41
warwickshire,41
ambassador,41
planted,41
fielding,41
repeated,41
freight,41
burns,41
protons,41
references,41
gender,41
isaac,41
neil,41
troy,41
hume,41
approval,41
governing,41
broadcasts,41
fusion,41
clearly,41
melody,41
brighton,41
considerable,41
plates,41
abraham,41
bachelor,41
manage,41
nomination,41
stops,41
fedora,41
toxic,41
simba,41
suffer,41
puck,41
protest,41
loans,41
portions,41
volumes,41
blackhawks,41
sphere,41
shapes,41
operator,41
anywhere,41
generate,41
plasma,41
equator,41
towers,41
athletes,41
sophie,41
turbines,41
decimal,41
clan,41
flour,41
aaron,41
burma,41
dallas,41
superior,41
sailed,41
finger,41
complicated,41
panel,41
adobe,41
hunter,41
shaw,41
viruses,41
dramatic,41
documented,41
fernando,41
noticed,41
verde,41
switched,41
naming,41
terminus,41
manuel,41
rogers,41
scotia,41
metals,41
reformation,41
matilda,41
strain,41
infobox,41
photographer,41
tickets,41
exercise,41
meteorological,41
atari,41
diamond,41
transmitted,41
prices,41
pepsi,41
sending,41
entries,41
salzburg,41
consumer,41
detail,41
promise,40
dust,40
wedding,40
processors,40
greenland,40
marco,40
scoring,40
norton,40
segments,40
georges,40
angular,40
montana,40
hummingbird,40
brandenburg,40
portable,40
heights,40
metallic,40
faust,40
newcastle,40
jacob,40
tulsa,40
devotion,40
wealth,40
ingredients,40
soup,40
swim,40
specimens,40
burke,40
seriously,40
whales,40
edgar,40
tampa,40
sitting,40
billie,40
azad,40
restored,40
arnold,40
bloc,40
reagan,40
developers,40
declined,40
solve,40
dominant,40
opium,40
ham,40
prisoners,40
territorial,40
liberty,40
greenwich,40
hamlet,40
ties,40
relation,40
extends,40
loan,40
fairy,40
proxy,40
faces,40
oath,40
keeps,40
ghost,40
marketing,40
negro,40
epic,40
protests,40
welcome,40
apples,40
spiny,40
neighbouring,40
ride,40
particle,40
interpretation,40
relativity,40
museums,40
hoped,40
electoral,40
deianeira,40
alternating,40
developments,40
curitiba,40
phillip,40
singersongwriter,40
chuck,40
carriage,40
morris,40
wore,40
empress,40
judges,40
germanic,40
lenzburg,40
surrey,40
archer,40
poe,40
dreams,40
pupils,40
durham,40
libraries,40
attracted,40
vengeance,39
explanation,39
leone,39
centered,39
hotels,39
reverse,39
arithmetic,39
andes,39
associate,39
interval,39
lung,39
presentation,39
crisis,39
sad,39
fitness,39
dáil,39
ciphertext,39
surgeon,39
herbs,39
mirza,39
theodore,39
bound,39
invaded,39
insect,39
vermont,39
knocked,39
vacuum,39
archaeological,39
sitcom,39
strategy,39
absence,39
regarding,39
partners,39
oslo,39
mitchell,39
smell,39
crazy,39
vessels,39
saving,39
difficulty,39
prague,39
thile,39
nice,39
addresses,39
segment,39
campaigns,39
chromosome,39
warren,39
randy,39
montgomery,39
weimar,39
edges,39
navigation,39
necessarily,39
dinosaur,39
synthetic,39
cindy,39
marilyn,39
crowned,39
nephew,39
prayers,39
opportunity,39
feeling,39
michelangelo,39
consumption,39
bella,39
citrus,39
mutual,39
shoulder,39
drawings,39
concrete,39
continuous,39
reporter,39
papers,39
cutting,39
motorway,39
smoke,39
outbreak,39
involve,39
isabella,39
allstar,39
schemes,39
thanks,39
define,39
shepherd,39
funding,39
hurwicz,39
irc,39
dimensions,39
pipe,39
peaks,39
survey,39
essentially,39
grove,39
mounted,39
publishers,39
comments,39
artemis,39
regiment,39
periodic,39
radar,39
cinema,39
ambulance,39
balance,38
apparent,38
sloot,38
michel,38
onwards,38
tornado,38
jumping,38
gathering,38
fee,38
muscles,38
nights,38
coordinate,38
preferred,38
hawks,38
shortbeaked,38
brings,38
bolivia,38
edmund,38
lords,38
placing,38
orchestras,38
enjoy,38
fortress,38
familiar,38
invention,38
linguistic,38
servant,38
augustus,38
brett,38
ipswich,38
lanarkshire,38
implemented,38
airplane,38
cooper,38
ideal,38
dresden,38
worker,38
remarkable,38
evangelical,38
tin,38
shots,38
nonprofit,38
interchange,38
faithful,38
rhode,38
carnegie,38
differently,38
promised,38
opeth,38
propaganda,38
naturally,38
achievement,38
tigers,38
pipes,38
ears,38
knife,38
vulcan,38
speaks,38
kingdoms,38
penguin,38
ski,38
licensed,38
connecting,38
applies,38
crystals,38
select,38
undergraduate,38
fitted,38
roses,38
smart,38
rays,38
denver,38
drum,38
jury,38
jesse,38
fertile,38
sings,38
nukem,38
scattered,38
geronimo,38
calcium,38
secular,38
unix,38
overhead,38
shooter,38
pet,38
extending,38
hind,38
shallow,38
knowing,38
hubble,38
possibility,38
customs,38
gaelic,38
malay,38
janeiro,38
canyon,38
occasion,38
cookies,38
portrait,38
disappeared,38
scholarship,38
timor,38
variations,38
lucy,38
everybody,38
papua,38
isolated,38
speeds,38
concluded,38
governorgeneral,38
stolen,38
norris,38
birthplace,38
berkeley,38
princely,38
bei,38
aboriginal,38
expand,38
update,38
convert,38
confusion,37
upset,37
fbi,37
helen,37
thoughts,37
intense,37
sandbox,37
poles,37
bee,37
bristol,37
shut,37
tons,37
beaches,37
electromagnetic,37
understood,37
stomach,37
grave,37
molecule,37
vlad,37
bartlet,37
fifty,37
cargo,37
rivalry,37
farthest,37
provisional,37
shorts,37
courses,37
withdrawn,37
wikimedia,37
mixing,37
suspended,37
measurements,37
alexandra,37
moist,37
bull,37
qur,37
extend,37
myth,37
lover,37
admitted,37
crane,37
leonard,37
rick,37
destination,37
henri,37
click,37
sinn,37
autumn,37
ted,37
underneath,37
founders,37
halo,37
harris,37
asking,37
bonaparte,37
desire,37
fold,37
shipping,37
vanilla,37
bruins,37
caliphate,37
trinidad,37
calgary,37
thereafter,37
indonesian,37
distinctive,37
websites,37
transition,37
mine,37
aside,37
porrentruy,37
receives,37
renewable,37
tested,37
currents,37
dealing,37
somewhere,37
yerevan,37
mention,37
meal,37
distributions,37
clara,37
trunk,37
mistake,37
oconnor,37
noodles,37
escaped,37
swat,37
continuing,37
reducing,37
crab,37
brandon,37
duchess,37
benefit,37
indoeuropean,37
nancy,37
membrane,37
options,37
vezina,37
merger,37
derives,37
moses,36
uranium,36
apparently,36
sharing,36
colin,36
vocals,36
marge,36
strict,36
cuttlefish,36
counted,36
eugene,36
forecast,36
fiber,36
photography,36
edited,36
divorce,36
circus,36
malcolm,36
larry,36
trademark,36
baked,36
concentrated,36
healthy,36
catarina,36
cited,36
exceptions,36
viking,36
crop,36
jess,36
rudolf,36
obsidian,36
regulations,36
guards,36
dances,36
philosophers,36
wizard,36
danny,36
philosophical,36
lachlan,36
downtown,36
arch,36
müller,36
probe,36
freshwater,36
flags,36
insurance,36
stopping,36
faculty,36
supplied,36
chapters,36
servers,36
settings,36
reader,36
paterson,36
survivors,36
distinction,36
lorenzo,36
attributed,36
cybermen,36
shopping,36
féin,36
hinduism,36
differential,36
cyrillic,36
geisha,36
tod,36
sequels,36
giuseppe,36
suburbs,36
infantry,36
strengthening,36
maurice,36
surfaces,36
plague,36
dibiase,36
physiology,36
geological,36
frame,36
dinosaurs,36
halfway,36
stroke,36
magical,36
indicated,36
louise,36
forum,36
dolphin,36
threw,36
collision,36
prussian,36
eagles,36
bury,36
wimbledon,36
yoshi,36
humor,36
cooperation,36
forever,36
pastor,36
nascar,36
martha,36
collecting,36
peaked,36
cuisine,36
orlando,36
baldwin,36
diagnosed,36
spelled,36
angles,36
elevation,36
americas,36
furthermore,36
arc,36
campbell,36
flames,36
duty,36
button,36
anymore,36
walloon,36
domesticated,35
piccadilly,35
atlas,35
boards,35
jessica,35
holden,35
olive,35
correctly,35
commented,35
slipknot,35
cups,35
photographs,35
meter,35
heinz,35
thistle,35
crashed,35
highland,35
arbon,35
azores,35
reed,35
renault,35
html,35
oriental,35
collect,35
connections,35
rid,35
decay,35
screenwriter,35
bold,35
promoting,35
olga,35
separates,35
hugh,35
throwing,35
threads,35
orson,35
cab,35
tuberculosis,35
retail,35
pulitzer,35
primes,35
candy,35
legally,35
vocal,35
elevated,35
treasury,35
sasuke,35
decisions,35
evans,35
hamburg,35
danger,35
brugg,35
celebrity,35
istanbul,35
pierce,35
extinction,35
nagar,35
kavirondo,35
landscape,35
revenue,35
dormice,35
hermann,35
easter,35
neighbors,35
allan,35
brahms,35
galaxies,35
indies,35
sonata,35
dancers,35
weakening,35
roy,35
consecutive,35
queens,35
offering,35
breeds,35
stamp,35
robson,35
fungi,35
transparent,35
midnight,35
load,35
calculations,35
twelfth,35
pyramid,35
lynn,35
precipitation,35
brush,35
farmers,35
ceremonies,35
consensus,35
plaintext,35
boxer,35
loosely,35
odd,35
comprises,35
removal,35
roleplaying,35
aim,35
tando,35
intellectual,35
masses,35
bantu,35
blow,35
woodstock,35
trumpet,35
deutsche,35
derbyshire,35
guardian,35
demanded,35
hammerfall,35
tristan,35
masturbation,35
facing,35
migration,35
dame,35
ecosystem,35
vista,35
nitrogen,35
purchase,35
updated,35
homeless,35
holocaust,35
zip,35
heir,35
everton,35
patch,35
bottle,35
functional,35
pregnancy,35
busiest,35
proprietary,34
jhelum,34
reich,34
ward,34
cameras,34
angels,34
corsica,34
amber,34
supporter,34
kde,34
inheritance,34
contents,34
davies,34
tribute,34
auto,34
naturalist,34
namur,34
drake,34
pie,34
monks,34
legends,34
versailles,34
bounded,34
mall,34
shrine,34
colonel,34
thyme,34
spl,34
conflicts,34
devoted,34
pollen,34
jbl,34
slopes,34
fabric,34
bid,34
melina,34
sensitive,34
eruption,34
complexity,34
restrictions,34
argue,34
wool,34
forth,34
bavarian,34
forty,34
traits,34
teaches,34
everyday,34
descended,34
kerala,34
chains,34
realizes,34
massacre,34
greenhouse,34
johnston,34
bow,34
strengthen,34
simultaneously,34
lock,34
soils,34
thant,34
packages,34
grunge,34
naked,34
sticks,34
lentils,34
panic,34
utc,34
chambers,34
unusually,34
genes,34
corners,34
valid,34
graphite,34
touring,34
monsters,34
revolt,34
crescent,34
preserve,34
anchor,34
beverly,34
cuts,34
dürer,34
stowe,34
homeland,34
physically,34
pounds,34
dependent,34
dumbledore,34
installation,34
decrease,34
johns,34
neighboring,34
qualified,34
windsor,34
oils,34
lithosphere,34
mystery,34
mountainous,34
rated,34
handled,34
log,34
cavity,34
missions,34
stamps,34
bradshaw,34
formats,34
managing,34
wanderers,34
poll,34
biography,34
budapest,34
palestine,34
nitro,34
learns,34
losses,34
deleted,34
francesco,34
establishing,34
eurovision,34
fingers,34
sponsored,34
earn,34
mad,34
lavigne,34
quoted,34
disorders,34
herman,34
cretaceous,34
surge,34
contracts,34
marina,34
cole,34
creature,34
install,34
sexually,34
compact,34
essjay,34
numbering,34
consistent,34
schaffhausen,34
graduating,33
seek,33
pirates,33
nagornokarabakh,33
kinetic,33
concern,33
spines,33
guinness,33
goat,33
rhea,33
albatrosses,33
develops,33
seating,33
inhabited,33
playwright,33
copenhagen,33
instrumental,33
julia,33
merely,33
ida,33
biologist,33
gregory,33
nottingham,33
grandmother,33
pit,33
gilgit,33
strauss,33
witness,33
variant,33
opens,33
defending,33
paradise,33
lineup,33
span,33
johor,33
pull,33
sufficient,33
clarinet,33
lloyd,33
cycles,33
daxter,33
cryptanalysis,33
ecological,33
ruth,33
telegraph,33
investment,33
separately,33
processed,33
worried,33
rodents,33
caves,33
diary,33
disks,33
export,33
classics,33
borrowed,33
villa,33
experts,33
pat,33
lawsuit,33
benefits,33
facility,33
precision,33
vegetation,33
tunnels,33
andré,33
pound,33
orchestral,33
pleasure,33
sprint,33
collaboration,33
wireless,33
trapped,33
baltimore,33
kate,33
monica,33
drainage,33
samples,33
immediate,33
autonomy,33
andrea,33
folklore,33
eats,33
hiding,33
rocket,33
bombay,33
clarke,33
rains,33
preservation,33
involvement,33
suit,33
merchant,33
deletion,33
comprising,33
commodore,33
filling,33
und,33
emily,33
publish,33
discussed,33
adjacent,33
unofficial,33
rivals,33
delayed,33
mascot,33
flooded,33
ming,33
veteran,33
desired,33
advisor,33
vertebrates,33
intermediate,33
theological,33
andy,33
collins,33
nearest,33
unnamed,33
upperlevel,33
longterm,33
nebraska,33
shelf,33
riots,33
ceo,33
coconut,33
printing,33
bologna,33
motto,33
bombing,33
respective,33
spd,33
namely,33
obtain,33
earning,32
leather,32
ingrid,32
narrator,32
solutions,32
demonstrated,32
thai,32
boot,32
ace,32
reservoir,32
deaf,32
keyboard,32
nasal,32
twins,32
yucatán,32
ink,32
unitary,32
nepal,32
roberts,32
tissues,32
imprisoned,32
claws,32
subpage,32
witches,32
nuclei,32
vauxhall,32
flute,32
creed,32
struggle,32
voiced,32
estates,32
skeleton,32
freed,32
boiling,32
wounded,32
releasing,32
manuscript,32
circumstances,32
recipes,32
diversity,32
legacy,32
reptiles,32
harder,32
equilibrium,32
ono,32
cbe,32
pronounced,32
longitude,32
perennial,32
cincinnati,32
counter,32
noise,32
sat,32
injuries,32
drowned,32
senators,32
mozambique,32
intelligent,32
organizing,32
elgar,32
temporarily,32
isolde,32
divides,32
blair,32
furniture,32
firefox,32
edible,32
certified,32
planetary,32
crosses,32
additionally,32
communicate,32
bedford,32
cork,32
ike,32
victories,32
tough,32
converts,32
depot,32
portrayed,32
mistress,32
wesley,32
docklands,32
nationwide,32
trend,32
turtle,32
distribute,32
witch,32
removing,32
clusters,32
leafs,32
gravitational,32
democrats,32
alpes,32
accidentally,32
worse,32
editions,32
behalf,32
shortlived,32
viral,32
permitted,32
hollow,32
tasmania,32
throat,32
lancaster,32
managers,32
integrated,32
reigning,32
retained,32
eldest,32
genesis,32
graves,32
consequently,32
substantial,32
assyrian,32
temples,32
achievements,32
wonder,32
alberto,32
enterprise,32
lava,32
estonia,32
empires,32
dessert,32
nirvana,32
focuses,32
pump,32
considerably,32
starčević,32
clients,32
aware,32
constantly,32
georgian,32
advisory,32
gifts,32
explored,32
unsuccessful,32
dragons,32
sergei,32
cereal,32
rosa,32
ruins,32
funds,32
ninja,32
canucks,32
noun,31
priests,31
rates,31
pencil,31
curved,31
aquatic,31
circles,31
wyoming,31
nordic,31
anger,31
honda,31
glarus,31
icons,31
emerged,31
tone,31
bag,31
mainline,31
estimate,31
uttar,31
tracked,31
dennis,31
alleged,31
ranks,31
associates,31
locke,31
bars,31
slovenia,31
grams,31
monkey,31
competitive,31
nhc,31
greg,31
alexandre,31
civilian,31
paramount,31
jak,31
nude,31
festivals,31
alpine,31
manufactured,31
murree,31
gear,31
iraqi,31
dynamic,31
pinned,31
caroline,31
glacial,31
alekhine,31
kinabalu,31
highlands,31
colon,31
rapper,31
hms,31
algeria,31
wisdom,31
doubt,31
throw,31
spices,31
discover,31
coburg,31
pedro,31
walker,31
openofficeorg,31
regard,31
theremin,31
beside,31
shaft,31
signatures,31
ricardo,31
shelter,31
gamecube,31
allocated,31
conventions,31
morrison,31
offshore,31
graphic,31
guild,31
turks,31
hyperbolic,31
vast,31
specially,31
admiral,31
dumbo,31
fourteenth,31
brussels,31
disco,31
alberta,31
alba,31
raven,31
politicians,31
whatever,31
sapiens,31
hate,31
confederate,31
syrup,31
respected,31
lesbian,31
reproduce,31
rumors,31
conversion,31
susan,31
lucky,31
chronicles,31
eurasia,31
semen,31
oval,31
fed,31
shells,31
emotional,31
aviation,31
ultimately,31
councillors,31
reelected,31
apartment,31
parallelism,31
obvious,31
kota,31
approached,31
gross,31
nash,31
nominations,31
lincolnshire,31
petroleum,31
defines,31
recovery,31
stratus,31
combustion,31
indoor,31
diverse,31
contribution,31
mansfield,31
nicolas,31
treat,31
truck,31
constellation,31
cyprus,31
siege,31
ram,31
capitals,31
polo,31
delhi,31
cube,31
backing,30
alicia,30
counts,30
cofounder,30
mating,30
yes,30
trails,30
sleeping,30
rescued,30
makers,30
belarus,30
floors,30
premiership,30
canterbury,30
woody,30
girlfriend,30
diagram,30
commercially,30
bang,30
chilean,30
algebra,30
czechoslovakia,30
gateway,30
brewery,30
estonian,30
constantinople,30
sculptor,30
locally,30
informal,30
countryside,30
lithuanian,30
yass,30
ananke,30
forbidden,30
botanical,30
resemble,30
spreading,30
significance,30
hanging,30
zack,30
côte,30
soba,30
seeking,30
geoffrey,30
theft,30
careful,30
delegates,30
knee,30
constable,30
marcus,30
stalin,30
chemist,30
recovered,30
modernday,30
wait,30
jennifer,30
dolls,30
gazette,30
guitars,30
presently,30
spears,30
sheets,30
shanghai,30
numerals,30
chad,30
suffering,30
maxwell,30
errors,30
juliet,30
sims,30
shark,30
requested,30
diplomatic,30
harmful,30
penguins,30
sailing,30
aberdeenshire,30
cacao,30
helene,30
holly,30
fires,30
rely,30
discuss,30
limestone,30
summit,30
delémont,30
agrees,30
kingston,30
bdd,30
quantities,30
serpent,30
influences,30
electrified,30
revival,30
carved,30
scar,30
shirt,30
berg,30
cap,30
deposits,30
thcentury,30
shropshire,30
evergreen,30
captivity,30
bernstein,30
kosovo,30
performers,30
linda,30
casaya,30
nuts,30
infections,30
helena,30
seoul,30
architects,30
handling,30
sanskrit,30
gusts,30
self,30
automatic,30
hydraulic,30
ore,30
secretarygeneral,30
cambrian,30
tomatoes,30
concerning,30
württemberg,30
handles,30
alvin,30
attractive,30
sichuan,30
constantine,30
integers,30
improvements,30
malaria,30
violet,30
mahler,30
remnant,30
ginger,30
pupil,30
feelings,30
britten,30
pollution,30
herb,30
cabell,30
truly,30
spirits,30
participate,30
wound,30
static,30
swahili,30
cellist,30
compass,30
detailed,30
agents,30
dirty,30
galleries,30
rinpoche,30
treasure,30
lantern,29
hosting,29
praise,29
dutchess,29
worlds,29
corporate,29
cheap,29
wrapped,29
tuna,29
clef,29
recipe,29
rotating,29
